{
  "assetsByChunkName": {
    "vendors~app-account~app-checkout~app-confirmation~app-order": "chunk.aa71dadd1c27cc7ee0ca.js",
    "vendors~app-account~app-confirmation~app-order": "chunk.b709d92fa91acf6157b2.js",
    "vendors~app-account~app-checkout": "chunk.365b4caf056f4f7b886d.js",
    "vendors~app-cart~app-checkout": "chunk.f7c5bb1658f52ca94e68.js",
    "admin": [
      "admin.423d860b0920e780df69.js",
      "admin.423d860b0920e780df69.js.map"
    ],
    "app-account": "chunk.dfe7c3796a69bdd6346d.js",
    "app-checkout": "chunk.bd3eb51248678b1f4070.js",
    "app-confirmation": "chunk.bb6bb8b8d9c570b1d8aa.js",
    "app-order": "chunk.032c0afbf9adc5c46178.js",
    "checkout": [
      "checkout.fd897c9f8d016c64969e.js",
      "checkout.fd897c9f8d016c64969e.js.map"
    ],
    "storefront": [
      "storefront.14ff4b08e09f32df1b0a.css",
      "storefront.ede71f3f373f86a481e5.js",
      "storefront.14ff4b08e09f32df1b0a.css.map",
      "storefront.ede71f3f373f86a481e5.js.map"
    ],
    "vendors~app-cart": "chunk.f93a3f31cdd805bcde21.js"
  }
}